               epoch,      train/box_loss,      train/obj_loss,      train/cls_loss,   metrics/precision,      metrics/recall,     metrics/mAP_0.5,metrics/mAP_0.5:0.95,        val/box_loss,        val/obj_loss,        val/cls_loss,               x/lr0,               x/lr1,               x/lr2
                   0,             0.10692,            0.068821,            0.062889,            0.095317,             0.18372,            0.067388,            0.022895,            0.077132,             0.09984,             0.06056,            0.070265,           0.0033038,           0.0033038
                   1,            0.071844,            0.067278,            0.056968,             0.11275,             0.32727,             0.11044,            0.045873,            0.061495,            0.055197,            0.053868,            0.040244,           0.0066153,           0.0066153
                   2,            0.066027,            0.063583,            0.051547,             0.21802,             0.38678,             0.23378,            0.088743,            0.060002,            0.050866,            0.046405,              0.0102,           0.0099047,           0.0099047
                   3,            0.059334,            0.060648,            0.042796,             0.43954,             0.54769,             0.48587,             0.23246,            0.046438,            0.047412,            0.035144,            0.009901,            0.009901,            0.009901
                   4,            0.053063,            0.058764,            0.035986,             0.45247,             0.67338,             0.55189,             0.30718,            0.040933,            0.045329,            0.030928,            0.009901,            0.009901,            0.009901
                   5,            0.048599,            0.057419,            0.032931,             0.56054,             0.73069,             0.62165,             0.39444,            0.036062,             0.04279,            0.028941,            0.009868,            0.009868,            0.009868
                   6,            0.046721,            0.054888,            0.031443,             0.62122,             0.74601,             0.63593,             0.41839,            0.034146,            0.042737,            0.027867,            0.009835,            0.009835,            0.009835
                   7,            0.045569,            0.055323,            0.030359,             0.63304,             0.78358,               0.669,             0.43044,            0.035401,            0.040995,            0.025929,            0.009802,            0.009802,            0.009802
                   8,             0.04322,            0.052645,            0.027976,              0.6464,             0.82342,             0.71033,             0.48259,            0.033329,            0.039821,            0.023594,            0.009769,            0.009769,            0.009769
                   9,            0.043313,            0.052684,            0.026257,              0.6875,             0.78632,             0.74029,             0.51634,            0.031163,            0.040075,            0.022023,            0.009736,            0.009736,            0.009736
                  10,            0.041638,            0.051274,            0.023509,             0.81645,              0.7857,             0.80421,             0.56089,            0.030452,            0.038253,            0.018437,            0.009703,            0.009703,            0.009703
                  11,            0.041235,            0.049992,            0.021409,              0.8392,             0.81202,             0.83201,             0.57636,            0.030081,             0.03874,            0.015861,             0.00967,             0.00967,             0.00967
                  12,            0.040433,            0.050411,            0.019479,             0.86693,               0.815,             0.85452,             0.61112,            0.030472,            0.037874,            0.014073,            0.009637,            0.009637,            0.009637
                  13,            0.039652,            0.050312,            0.018393,             0.93905,             0.83117,             0.88847,             0.60958,            0.030017,            0.038695,             0.01295,            0.009604,            0.009604,            0.009604
                  14,            0.039572,             0.05001,            0.017178,             0.94316,              0.8317,             0.89188,             0.64551,            0.029567,            0.037904,            0.011054,            0.009571,            0.009571,            0.009571
                  15,             0.03845,            0.048177,            0.015233,             0.95509,              0.8397,             0.89747,             0.65995,             0.02958,            0.038377,            0.010293,            0.009538,            0.009538,            0.009538
                  16,            0.038174,            0.048556,            0.014852,             0.95593,             0.84352,             0.90373,             0.64041,            0.028994,            0.036338,           0.0094397,            0.009505,            0.009505,            0.009505
                  17,            0.038304,            0.048988,            0.014656,             0.96484,              0.8454,             0.90022,             0.68352,             0.02719,            0.036751,           0.0092691,            0.009472,            0.009472,            0.009472
                  18,            0.037655,             0.04782,            0.014321,             0.92397,             0.83754,             0.89497,             0.64997,            0.028504,            0.036125,            0.010137,            0.009439,            0.009439,            0.009439
                  19,             0.03687,            0.048031,            0.013984,             0.93479,              0.8559,             0.90713,             0.69703,            0.026027,            0.035464,           0.0090296,            0.009406,            0.009406,            0.009406
                  20,            0.035806,            0.046482,            0.013332,             0.95793,             0.86102,             0.91048,              0.6875,            0.025762,            0.034781,           0.0086121,            0.009373,            0.009373,            0.009373
                  21,            0.036428,              0.0466,              0.0133,             0.95944,             0.85618,             0.90901,             0.69013,            0.026083,            0.035111,           0.0084596,             0.00934,             0.00934,             0.00934
                  22,            0.036406,            0.047645,            0.013545,             0.96442,             0.86114,             0.91189,             0.68567,            0.026646,            0.035506,           0.0081375,            0.009307,            0.009307,            0.009307
                  23,            0.036418,            0.047331,            0.013358,             0.96105,             0.87507,             0.91109,             0.70452,            0.025495,            0.034797,           0.0078718,            0.009274,            0.009274,            0.009274
                  24,             0.03569,            0.046651,            0.013271,             0.97235,             0.85997,             0.91203,             0.71161,            0.024761,            0.034591,           0.0078328,            0.009241,            0.009241,            0.009241
                  25,            0.034406,            0.045465,            0.012772,             0.95797,             0.85422,             0.90976,             0.70891,            0.025767,            0.036142,           0.0085357,            0.009208,            0.009208,            0.009208
                  26,            0.035719,            0.046588,            0.012912,               0.956,             0.87911,             0.91408,             0.71574,             0.02409,            0.034126,           0.0075889,            0.009175,            0.009175,            0.009175
                  27,            0.034925,            0.045499,            0.012771,             0.96328,             0.86819,             0.91268,             0.72258,            0.024163,             0.03422,           0.0078092,            0.009142,            0.009142,            0.009142
                  28,            0.034519,            0.045922,             0.01253,             0.97378,             0.87275,             0.91739,             0.71762,            0.023976,            0.033325,           0.0076953,            0.009109,            0.009109,            0.009109
                  29,             0.03452,            0.045027,            0.012183,             0.95779,             0.87386,             0.91651,             0.71143,            0.024372,            0.033808,           0.0077374,            0.009076,            0.009076,            0.009076
                  30,            0.034282,            0.044623,            0.012252,             0.96313,             0.87862,             0.91927,             0.72926,            0.023274,            0.032984,           0.0074516,            0.009043,            0.009043,            0.009043
                  31,            0.034073,            0.044437,            0.012077,             0.97393,             0.86322,             0.91642,             0.72843,            0.023678,            0.032843,           0.0076974,             0.00901,             0.00901,             0.00901
                  32,            0.032898,            0.043434,            0.011771,             0.97559,             0.87215,             0.91876,              0.7289,            0.023964,            0.033094,           0.0072742,            0.008977,            0.008977,            0.008977
                  33,            0.032851,             0.04364,            0.011514,             0.97655,              0.8775,             0.91841,             0.73062,            0.023262,            0.032977,           0.0071252,            0.008944,            0.008944,            0.008944
                  34,            0.033372,            0.044378,            0.012157,             0.96626,             0.88686,             0.91975,              0.7335,            0.022554,            0.032333,           0.0071703,            0.008911,            0.008911,            0.008911
                  35,            0.032851,            0.043363,            0.011325,             0.97121,             0.86915,             0.91263,             0.73819,            0.022981,            0.033249,           0.0072412,            0.008878,            0.008878,            0.008878
                  36,            0.032219,            0.042482,            0.010939,             0.96223,             0.86321,             0.91677,             0.73232,            0.023103,            0.033557,           0.0077728,            0.008845,            0.008845,            0.008845
                  37,            0.032409,            0.042664,            0.011282,             0.97243,             0.87134,             0.91708,             0.73275,            0.023121,            0.032497,           0.0073432,            0.008812,            0.008812,            0.008812
                  38,            0.032935,            0.043335,            0.011133,             0.96646,             0.85613,              0.9132,             0.73091,             0.02244,            0.033128,           0.0077769,            0.008779,            0.008779,            0.008779
                  39,            0.033395,            0.044943,            0.012418,             0.95213,             0.87989,             0.91379,             0.73576,            0.022579,            0.033442,           0.0073279,            0.008746,            0.008746,            0.008746
                  40,            0.031938,            0.043073,            0.011447,             0.97733,             0.88122,             0.92264,             0.74806,            0.022104,             0.03165,           0.0068391,            0.008713,            0.008713,            0.008713
                  41,            0.031983,            0.043113,            0.010975,             0.97331,             0.88639,             0.92051,              0.7254,            0.023445,            0.032796,           0.0068129,             0.00868,             0.00868,             0.00868
                  42,            0.031906,            0.041888,            0.010852,             0.97849,             0.88096,             0.92312,             0.73823,            0.021694,            0.032089,            0.006834,            0.008647,            0.008647,            0.008647
                  43,            0.031855,            0.042422,            0.011174,              0.9721,             0.88514,             0.92018,             0.74169,            0.021797,            0.031974,            0.006828,            0.008614,            0.008614,            0.008614
                  44,            0.031575,            0.042511,            0.010812,             0.96932,             0.87473,             0.91432,             0.74203,            0.022498,            0.032324,           0.0070998,            0.008581,            0.008581,            0.008581
                  45,            0.031211,            0.042759,            0.010771,             0.98235,              0.8845,             0.92296,             0.74611,            0.021631,            0.031463,            0.006557,            0.008548,            0.008548,            0.008548
                  46,            0.030787,            0.042018,             0.01071,             0.97663,             0.88896,             0.92412,             0.75464,             0.02115,            0.030814,           0.0066467,            0.008515,            0.008515,            0.008515
                  47,            0.030709,            0.041503,            0.010472,             0.98261,             0.88202,             0.92246,             0.74629,            0.021592,            0.031209,           0.0065602,            0.008482,            0.008482,            0.008482
                  48,            0.031061,            0.042175,            0.010402,             0.97694,             0.88426,             0.92089,             0.75298,            0.021906,            0.031391,           0.0067024,            0.008449,            0.008449,            0.008449
                  49,            0.030145,            0.041734,            0.010344,             0.97492,             0.87814,             0.91899,              0.7466,            0.021632,            0.031624,           0.0067799,            0.008416,            0.008416,            0.008416
                  50,            0.030649,            0.041114,            0.010203,             0.97471,             0.88601,             0.92165,             0.75257,             0.02112,            0.030965,           0.0066122,            0.008383,            0.008383,            0.008383
                  51,            0.030439,            0.041029,           0.0096392,             0.97106,             0.88482,             0.92037,             0.75449,            0.021134,            0.030687,           0.0066632,             0.00835,             0.00835,             0.00835
                  52,            0.029634,            0.041415,           0.0098242,             0.97057,             0.89185,             0.92111,             0.75411,            0.020798,            0.030791,           0.0062915,            0.008317,            0.008317,            0.008317
                  53,             0.03016,            0.040929,            0.010034,             0.97204,             0.89118,             0.92451,             0.75884,            0.020823,            0.030369,           0.0064612,            0.008284,            0.008284,            0.008284
                  54,            0.030559,            0.041766,            0.010274,             0.96864,             0.88288,             0.92251,             0.75906,            0.020518,            0.030601,           0.0065513,            0.008251,            0.008251,            0.008251
                  55,            0.030154,            0.040665,           0.0099087,             0.97062,             0.88195,             0.91986,             0.75801,            0.020675,            0.030733,           0.0069281,            0.008218,            0.008218,            0.008218
                  56,            0.029691,            0.039765,           0.0098385,             0.97228,             0.87639,             0.92046,             0.75876,            0.020918,            0.030809,           0.0069605,            0.008185,            0.008185,            0.008185
                  57,             0.02868,            0.040432,             0.00927,             0.97575,             0.89037,             0.92401,             0.76059,            0.020901,            0.030251,           0.0064974,            0.008152,            0.008152,            0.008152
                  58,            0.029326,            0.039598,           0.0092568,             0.97607,             0.88711,             0.92277,             0.76281,            0.020383,             0.03001,           0.0065486,            0.008119,            0.008119,            0.008119
                  59,             0.02942,             0.03957,            0.009173,             0.98219,             0.88887,             0.92609,             0.76396,            0.020585,             0.03018,           0.0062664,            0.008086,            0.008086,            0.008086
                  60,            0.029273,            0.041404,           0.0094294,             0.97494,             0.88422,             0.92553,             0.76153,            0.020766,             0.03087,            0.006395,            0.008053,            0.008053,            0.008053
                  61,            0.028989,            0.040911,           0.0092137,             0.97733,             0.88479,             0.92385,             0.76397,            0.020284,            0.030136,           0.0063256,             0.00802,             0.00802,             0.00802
                  62,             0.02997,            0.040404,           0.0094698,              0.9767,             0.88756,             0.92647,              0.7654,            0.020169,             0.02983,           0.0065496,            0.007987,            0.007987,            0.007987
                  63,            0.029193,             0.04087,           0.0088232,             0.97984,             0.88273,             0.92175,             0.76352,            0.020804,            0.030177,           0.0062036,            0.007954,            0.007954,            0.007954
                  64,            0.028456,            0.039082,            0.008956,             0.97173,             0.90422,             0.92757,             0.77127,            0.019833,            0.029288,           0.0060712,            0.007921,            0.007921,            0.007921
                  65,            0.028366,            0.039061,           0.0087486,             0.97423,              0.8924,             0.92527,             0.77142,            0.019877,            0.029601,           0.0062274,            0.007888,            0.007888,            0.007888
                  66,             0.02833,            0.039985,           0.0091252,             0.96808,             0.89483,             0.92399,             0.76958,            0.020092,            0.030013,           0.0065312,            0.007855,            0.007855,            0.007855
                  67,            0.028807,            0.039785,           0.0091751,             0.97886,             0.88531,             0.92312,             0.76992,            0.019945,            0.030178,           0.0065608,            0.007822,            0.007822,            0.007822
                  68,            0.027857,            0.038778,           0.0083586,             0.97468,             0.88378,             0.92201,             0.77046,            0.020062,            0.029668,            0.006304,            0.007789,            0.007789,            0.007789
                  69,            0.028081,             0.03843,           0.0087284,             0.98004,             0.88309,             0.92305,             0.77081,            0.019779,             0.02898,           0.0063746,            0.007756,            0.007756,            0.007756
                  70,            0.029131,             0.04006,           0.0090953,             0.97828,             0.88475,             0.92577,             0.77134,            0.019881,            0.029416,           0.0062648,            0.007723,            0.007723,            0.007723
                  71,             0.02742,             0.03853,           0.0084403,             0.97728,             0.88876,             0.92608,              0.7713,            0.019699,            0.029254,           0.0063666,             0.00769,             0.00769,             0.00769
                  72,            0.026919,            0.038317,            0.008025,             0.98252,             0.88502,             0.92589,             0.77106,            0.019481,            0.029046,           0.0062894,            0.007657,            0.007657,            0.007657
                  73,            0.027413,            0.038443,           0.0082208,             0.98198,             0.88553,             0.92414,             0.77491,             0.01941,            0.029678,           0.0060441,            0.007624,            0.007624,            0.007624
                  74,            0.027762,            0.038417,           0.0081251,             0.96976,             0.89952,             0.92737,              0.7758,            0.019624,            0.028955,           0.0061643,            0.007591,            0.007591,            0.007591
                  75,            0.027827,            0.038585,           0.0081621,             0.97811,             0.88924,             0.92706,             0.77402,            0.019645,            0.029381,           0.0062199,            0.007558,            0.007558,            0.007558
                  76,            0.026776,            0.038353,           0.0080728,             0.97229,              0.8978,             0.92671,             0.76694,            0.019568,             0.02924,           0.0062178,            0.007525,            0.007525,            0.007525
                  77,            0.026582,            0.038118,           0.0080295,             0.97801,             0.89758,             0.92677,             0.77565,            0.019529,            0.029484,           0.0061321,            0.007492,            0.007492,            0.007492
                  78,            0.027189,            0.037525,           0.0076733,             0.98397,             0.89755,             0.92688,             0.78048,            0.019358,            0.028786,           0.0059194,            0.007459,            0.007459,            0.007459
                  79,            0.027704,            0.038301,           0.0081529,             0.97313,             0.89623,               0.928,             0.78152,            0.019267,            0.028711,           0.0060207,            0.007426,            0.007426,            0.007426
                  80,             0.02614,            0.037054,           0.0075496,             0.97085,             0.89611,             0.92611,             0.77415,            0.019658,            0.029175,            0.006211,            0.007393,            0.007393,            0.007393
                  81,            0.026786,            0.037545,           0.0077773,             0.97466,             0.88951,             0.92611,             0.77516,            0.019305,            0.029068,           0.0060278,             0.00736,             0.00736,             0.00736
                  82,            0.026441,            0.037937,           0.0075971,              0.9751,             0.88851,             0.92624,             0.78127,            0.019088,            0.028611,           0.0061124,            0.007327,            0.007327,            0.007327
                  83,            0.026085,            0.036914,           0.0075075,             0.98298,             0.89119,             0.92621,             0.77867,            0.019174,            0.028783,           0.0059027,            0.007294,            0.007294,            0.007294
                  84,             0.02661,            0.037323,           0.0078124,             0.97448,             0.89296,             0.92649,             0.77785,            0.019023,            0.028363,             0.00608,            0.007261,            0.007261,            0.007261
                  85,            0.026504,            0.036987,           0.0074071,             0.97741,             0.89167,             0.92944,             0.77684,            0.019177,            0.028517,           0.0059693,            0.007228,            0.007228,            0.007228
                  86,            0.026179,            0.036614,           0.0071579,             0.98634,             0.89731,             0.92876,             0.77986,            0.019305,            0.028739,           0.0058427,            0.007195,            0.007195,            0.007195
                  87,            0.026524,              0.0372,           0.0075769,             0.98405,             0.89393,             0.92625,              0.7795,            0.019144,            0.028535,            0.005934,            0.007162,            0.007162,            0.007162
                  88,            0.026571,            0.037355,           0.0075233,             0.97943,             0.89688,             0.92762,             0.77936,            0.019062,            0.029088,           0.0059186,            0.007129,            0.007129,            0.007129
                  89,            0.025466,            0.036893,           0.0072778,             0.98028,             0.89419,              0.9277,             0.78146,            0.018936,            0.028795,            0.005956,            0.007096,            0.007096,            0.007096
                  90,            0.025963,            0.036963,           0.0071356,             0.97997,             0.89563,              0.9273,             0.77984,            0.019002,            0.028504,           0.0059916,            0.007063,            0.007063,            0.007063
                  91,            0.025626,            0.036286,            0.007227,             0.98259,             0.89188,              0.9261,             0.78118,            0.018846,            0.028734,           0.0058475,             0.00703,             0.00703,             0.00703
                  92,            0.025597,            0.037079,           0.0071548,             0.98746,             0.89483,             0.93011,             0.78892,            0.018711,            0.028272,           0.0059596,            0.006997,            0.006997,            0.006997
                  93,            0.025171,            0.036218,           0.0071899,             0.98157,             0.89922,             0.92666,             0.78474,             0.01878,            0.028102,           0.0059595,            0.006964,            0.006964,            0.006964
                  94,             0.02627,            0.037229,           0.0072568,             0.97772,             0.89755,             0.92799,             0.78273,            0.018759,            0.028435,           0.0060232,            0.006931,            0.006931,            0.006931
                  95,            0.025779,             0.03689,           0.0073039,             0.97561,             0.90211,             0.92913,              0.7891,             0.01867,            0.028477,             0.00585,            0.006898,            0.006898,            0.006898
                  96,            0.025737,            0.037374,           0.0069239,             0.97979,             0.90534,             0.93004,             0.78839,            0.018717,            0.028288,           0.0058955,            0.006865,            0.006865,            0.006865
                  97,            0.025716,             0.03637,            0.006674,             0.98113,             0.89661,             0.92877,             0.78726,            0.018665,            0.027815,           0.0060206,            0.006832,            0.006832,            0.006832
                  98,            0.025128,            0.035484,           0.0067216,             0.97853,             0.90469,             0.93052,             0.78862,             0.01856,              0.0274,           0.0058714,            0.006799,            0.006799,            0.006799
                  99,            0.025494,            0.036132,           0.0069326,             0.97966,             0.90116,             0.92914,             0.78766,            0.018651,            0.028109,            0.006021,            0.006766,            0.006766,            0.006766
                 100,            0.025588,            0.036348,           0.0070091,             0.98485,             0.89667,             0.92623,             0.78177,            0.018923,            0.028197,            0.005997,            0.006733,            0.006733,            0.006733
                 101,            0.025402,            0.036243,           0.0068208,             0.97419,             0.89659,             0.92827,             0.78531,            0.018904,              0.0283,           0.0062155,              0.0067,              0.0067,              0.0067
                 102,            0.025873,            0.035579,           0.0068803,              0.9767,             0.89031,             0.92753,             0.78311,            0.018634,             0.02839,            0.005954,            0.006667,            0.006667,            0.006667
                 103,            0.025192,            0.036679,           0.0066915,             0.97934,             0.90273,             0.92795,             0.78477,            0.018647,            0.027732,           0.0058987,            0.006634,            0.006634,            0.006634
                 104,            0.025204,            0.036992,           0.0069844,             0.97864,             0.90394,             0.92978,             0.78996,            0.018563,            0.027636,           0.0058998,            0.006601,            0.006601,            0.006601
                 105,            0.024579,            0.035834,           0.0066149,             0.97597,             0.89997,             0.92978,              0.7919,            0.018396,             0.02746,           0.0057732,            0.006568,            0.006568,            0.006568
                 106,            0.025197,            0.036271,           0.0065957,             0.98394,             0.88998,             0.92791,             0.78481,            0.018538,            0.027668,           0.0058706,            0.006535,            0.006535,            0.006535
                 107,            0.024695,            0.035286,           0.0063608,             0.97738,             0.89951,             0.93002,              0.7904,            0.018401,            0.027666,           0.0058327,            0.006502,            0.006502,            0.006502
                 108,            0.024484,            0.035604,           0.0061794,              0.9795,              0.9042,             0.92907,              0.7921,            0.018392,            0.027508,           0.0057166,            0.006469,            0.006469,            0.006469
                 109,            0.024943,            0.036227,           0.0064721,             0.98455,             0.89642,              0.9283,             0.79104,            0.018243,            0.027573,           0.0058391,            0.006436,            0.006436,            0.006436
                 110,            0.024473,            0.035445,           0.0063174,             0.98324,             0.89754,             0.92845,             0.79171,            0.018264,            0.027676,           0.0057675,            0.006403,            0.006403,            0.006403
                 111,            0.024445,            0.035283,           0.0062346,             0.97839,             0.89441,             0.92842,             0.78987,            0.018388,            0.027503,           0.0059722,             0.00637,             0.00637,             0.00637
                 112,            0.024363,            0.035783,           0.0061181,             0.97783,             0.90194,             0.92808,             0.79246,            0.018136,            0.027471,           0.0058525,            0.006337,            0.006337,            0.006337
                 113,            0.024806,            0.035464,           0.0066175,              0.9836,             0.89242,             0.92918,             0.78879,            0.018343,            0.027678,           0.0058633,            0.006304,            0.006304,            0.006304
                 114,             0.02423,            0.035046,            0.006096,             0.98166,             0.89916,             0.92804,             0.79077,            0.018229,            0.027926,           0.0058018,            0.006271,            0.006271,            0.006271
                 115,            0.024558,            0.035995,           0.0061986,             0.98277,             0.89507,             0.92863,             0.78699,            0.018261,             0.02749,           0.0058387,            0.006238,            0.006238,            0.006238
                 116,              0.0246,            0.035863,           0.0064366,             0.98414,             0.90622,             0.93134,             0.79322,            0.018309,            0.027309,           0.0058093,            0.006205,            0.006205,            0.006205
                 117,            0.023669,            0.034792,           0.0060091,             0.98206,             0.90257,             0.93261,             0.79586,            0.018129,            0.027472,           0.0056444,            0.006172,            0.006172,            0.006172
                 118,             0.02519,            0.036332,           0.0065948,             0.98112,             0.89858,             0.92774,             0.79169,            0.018297,              0.0279,           0.0055952,            0.006139,            0.006139,            0.006139
                 119,            0.023563,             0.03441,           0.0057882,             0.98611,             0.90108,             0.92902,             0.79204,            0.018273,            0.027615,           0.0057155,            0.006106,            0.006106,            0.006106
                 120,            0.023243,            0.034241,           0.0059217,             0.97967,             0.90243,             0.93094,             0.79729,             0.01799,            0.027292,            0.005651,            0.006073,            0.006073,            0.006073
                 121,            0.024055,            0.034825,           0.0061234,             0.98043,             0.90312,              0.9295,             0.79423,            0.018025,            0.027494,           0.0058038,             0.00604,             0.00604,             0.00604
                 122,            0.024112,            0.034511,           0.0058823,              0.9808,               0.903,              0.9276,             0.79138,            0.018242,            0.027684,           0.0058728,            0.006007,            0.006007,            0.006007
                 123,            0.023846,            0.034587,           0.0060649,             0.98424,             0.90329,             0.92812,             0.79546,            0.018047,            0.027169,           0.0056589,            0.005974,            0.005974,            0.005974
                 124,             0.02387,            0.034682,           0.0061469,             0.98621,             0.89831,              0.9285,             0.79612,            0.017959,            0.027494,             0.00563,            0.005941,            0.005941,            0.005941
                 125,            0.024273,            0.035388,           0.0058615,             0.97691,             0.90827,             0.92953,             0.79325,            0.018125,            0.027937,           0.0057667,            0.005908,            0.005908,            0.005908
                 126,            0.023397,            0.034158,           0.0056966,             0.98019,              0.9027,             0.93003,             0.79542,            0.017839,            0.027303,           0.0056054,            0.005875,            0.005875,            0.005875
                 127,            0.023792,            0.034167,           0.0061667,             0.97787,             0.90063,             0.92746,             0.79785,            0.017805,            0.027197,           0.0057337,            0.005842,            0.005842,            0.005842
                 128,            0.024537,            0.034291,           0.0060349,              0.9723,             0.90502,             0.92735,             0.79506,            0.017971,              0.0276,           0.0057849,            0.005809,            0.005809,            0.005809
                 129,            0.022936,            0.033654,           0.0057353,             0.98304,             0.89537,             0.92861,             0.79635,            0.017884,            0.027361,           0.0056828,            0.005776,            0.005776,            0.005776
                 130,            0.023591,            0.033872,           0.0057858,             0.98122,             0.90856,             0.92993,             0.79917,            0.017821,            0.027005,           0.0054953,            0.005743,            0.005743,            0.005743
                 131,            0.023756,            0.034843,           0.0056806,             0.98163,              0.9046,             0.93112,             0.80097,            0.017887,            0.027041,           0.0055524,             0.00571,             0.00571,             0.00571
                 132,            0.023576,            0.034423,           0.0057935,             0.98704,             0.89723,             0.93006,             0.80121,            0.017781,            0.027219,           0.0056498,            0.005677,            0.005677,            0.005677
                 133,            0.023299,            0.033799,           0.0055503,             0.98059,             0.90205,             0.92968,              0.7994,            0.017785,            0.027317,           0.0057527,            0.005644,            0.005644,            0.005644
                 134,            0.023943,            0.034371,           0.0059141,             0.98405,              0.9051,              0.9294,             0.79821,            0.017747,            0.027229,           0.0055453,            0.005611,            0.005611,            0.005611
                 135,            0.023494,            0.033955,           0.0058197,             0.98206,             0.89444,             0.92794,              0.7975,            0.017797,            0.027137,           0.0056481,            0.005578,            0.005578,            0.005578
                 136,            0.022816,            0.033304,           0.0053392,             0.98264,             0.90464,             0.92953,             0.80044,            0.017777,            0.027118,           0.0057155,            0.005545,            0.005545,            0.005545
                 137,            0.023325,            0.033997,           0.0054892,             0.98221,              0.9055,             0.93044,             0.80031,            0.017763,            0.026715,           0.0056608,            0.005512,            0.005512,            0.005512
                 138,            0.023246,            0.033736,            0.005755,             0.98209,             0.89888,             0.92829,              0.7979,            0.017779,            0.026878,           0.0055306,            0.005479,            0.005479,            0.005479
                 139,            0.023326,            0.034335,           0.0057081,             0.98599,             0.90317,             0.93002,             0.80112,            0.017843,            0.026706,           0.0054881,            0.005446,            0.005446,            0.005446
                 140,            0.022747,            0.033443,           0.0054269,             0.98427,             0.90142,             0.93056,             0.80025,            0.017738,            0.027148,           0.0054892,            0.005413,            0.005413,            0.005413
                 141,            0.022573,            0.034027,           0.0055134,             0.98192,             0.90486,             0.93203,             0.80243,            0.017641,            0.026865,           0.0054407,             0.00538,             0.00538,             0.00538
                 142,            0.022581,            0.033077,            0.005395,             0.98424,             0.90286,             0.93093,             0.80064,            0.017616,            0.026653,           0.0054696,            0.005347,            0.005347,            0.005347
                 143,            0.022603,            0.033351,           0.0054232,             0.98314,             0.90755,             0.93144,             0.80386,            0.017567,            0.026255,           0.0053362,            0.005314,            0.005314,            0.005314
                 144,             0.02255,             0.03323,           0.0051394,             0.98115,             0.90732,             0.93233,             0.80401,            0.017633,            0.026639,           0.0054412,            0.005281,            0.005281,            0.005281
                 145,            0.022686,            0.034028,           0.0054459,             0.97972,              0.9019,             0.93125,             0.80138,            0.017569,            0.026714,           0.0055715,            0.005248,            0.005248,            0.005248
                 146,            0.022975,            0.033667,           0.0054795,             0.98521,             0.90207,             0.93049,             0.80049,            0.017581,            0.026772,           0.0054407,            0.005215,            0.005215,            0.005215
                 147,            0.022715,            0.033461,            0.005254,             0.98218,             0.90117,             0.92935,             0.79871,            0.017671,            0.026902,           0.0053953,            0.005182,            0.005182,            0.005182
                 148,            0.022943,            0.033881,            0.005544,             0.98109,             0.90826,             0.93073,             0.80326,            0.017645,            0.027063,           0.0053778,            0.005149,            0.005149,            0.005149
                 149,            0.022376,             0.03243,           0.0052893,             0.98389,             0.90477,             0.93009,             0.80574,            0.017494,             0.02703,           0.0054714,            0.005116,            0.005116,            0.005116
                 150,            0.022457,            0.033083,            0.005195,             0.98211,             0.90645,             0.93032,             0.80293,            0.017534,            0.026499,           0.0054193,            0.005083,            0.005083,            0.005083
                 151,            0.023046,             0.03417,           0.0054205,             0.98011,             0.90263,             0.92894,             0.80361,             0.01756,            0.026463,           0.0055748,             0.00505,             0.00505,             0.00505
                 152,            0.022364,            0.033777,           0.0052201,             0.98523,             0.90656,              0.9302,             0.80209,            0.017528,            0.026782,           0.0053899,            0.005017,            0.005017,            0.005017
                 153,            0.022177,             0.03281,            0.005097,              0.9833,             0.90638,             0.92963,             0.80394,            0.017499,             0.02676,           0.0053362,            0.004984,            0.004984,            0.004984
                 154,            0.022247,            0.032727,           0.0052544,              0.9816,             0.90775,              0.9313,             0.80218,            0.017429,            0.026329,           0.0053525,            0.004951,            0.004951,            0.004951
                 155,            0.022086,            0.033052,           0.0050965,             0.98187,             0.90454,             0.93157,             0.80514,            0.017327,            0.026234,           0.0053739,            0.004918,            0.004918,            0.004918
                 156,            0.022283,            0.032857,           0.0052167,             0.98299,             0.90676,             0.93187,             0.80691,            0.017322,            0.026518,            0.005236,            0.004885,            0.004885,            0.004885
                 157,            0.021733,            0.032617,           0.0049112,             0.98039,             0.90638,             0.93116,             0.80517,            0.017509,            0.026354,           0.0051913,            0.004852,            0.004852,            0.004852
                 158,            0.022094,            0.032821,           0.0052367,             0.98601,             0.90546,             0.93124,               0.806,            0.017408,            0.026746,           0.0051777,            0.004819,            0.004819,            0.004819
                 159,            0.021942,            0.032964,           0.0050991,             0.98268,             0.90583,             0.93025,             0.80215,            0.017539,            0.026541,           0.0051896,            0.004786,            0.004786,            0.004786
                 160,            0.021998,            0.031892,           0.0051076,             0.98356,             0.90457,             0.92973,             0.80379,            0.017496,            0.026377,           0.0052019,            0.004753,            0.004753,            0.004753
                 161,            0.021897,            0.032969,           0.0050054,             0.98545,             0.90502,               0.931,             0.80751,            0.017442,            0.026147,           0.0052104,             0.00472,             0.00472,             0.00472
                 162,            0.021505,            0.032331,           0.0049281,             0.97958,             0.90771,             0.93336,             0.80341,            0.017355,            0.026353,           0.0053955,            0.004687,            0.004687,            0.004687
                 163,            0.022016,            0.033326,           0.0049048,             0.97976,             0.90916,             0.93145,             0.80688,            0.017154,            0.026463,            0.005298,            0.004654,            0.004654,            0.004654
                 164,            0.021584,            0.032217,           0.0049328,             0.98673,              0.9123,             0.93141,             0.80394,             0.01729,            0.026764,           0.0051607,            0.004621,            0.004621,            0.004621
                 165,            0.022262,            0.033134,             0.00496,             0.98428,               0.908,              0.9319,              0.8044,            0.017391,            0.026703,            0.005211,            0.004588,            0.004588,            0.004588
                 166,            0.021623,            0.031756,           0.0048629,             0.98017,             0.91162,             0.93173,             0.81029,            0.017152,            0.026235,           0.0052647,            0.004555,            0.004555,            0.004555
                 167,            0.021246,            0.031849,           0.0046868,             0.98767,             0.90555,             0.93343,             0.81052,            0.017146,            0.026108,           0.0051856,            0.004522,            0.004522,            0.004522
                 168,            0.021696,            0.032817,           0.0050517,             0.98083,             0.90712,             0.93248,             0.80829,            0.017312,             0.02638,           0.0052684,            0.004489,            0.004489,            0.004489
                 169,            0.021952,             0.03223,           0.0049664,              0.9844,             0.91142,             0.93252,             0.80847,            0.017167,            0.026212,           0.0052022,            0.004456,            0.004456,            0.004456
                 170,            0.021355,            0.032329,           0.0048358,             0.98907,             0.90946,             0.93308,             0.81025,            0.017143,            0.026138,           0.0051439,            0.004423,            0.004423,            0.004423
                 171,             0.02199,            0.032955,            0.005035,             0.97853,             0.91168,              0.9323,             0.80718,            0.017146,            0.026261,           0.0052382,             0.00439,             0.00439,             0.00439
                 172,            0.022092,            0.032818,           0.0050226,             0.98711,             0.90339,             0.93165,                0.81,            0.017142,            0.026067,           0.0051366,            0.004357,            0.004357,            0.004357
                 173,            0.021888,            0.033694,            0.004921,              0.9819,              0.9145,             0.93259,             0.80926,            0.017113,            0.026013,           0.0051978,            0.004324,            0.004324,            0.004324
                 174,             0.02178,            0.032483,           0.0050219,             0.98334,             0.90726,                0.93,             0.80817,            0.017196,            0.025915,           0.0052653,            0.004291,            0.004291,            0.004291
                 175,            0.021087,            0.031411,           0.0047135,             0.97834,              0.9116,             0.93017,             0.81045,            0.017224,            0.026075,           0.0051647,            0.004258,            0.004258,            0.004258
                 176,            0.021336,            0.031314,           0.0046947,              0.9845,             0.90895,             0.93288,             0.81073,            0.017069,            0.025853,           0.0051827,            0.004225,            0.004225,            0.004225
                 177,             0.02099,            0.031629,           0.0045226,             0.98817,             0.90588,             0.93315,             0.81056,            0.017136,            0.026211,           0.0051872,            0.004192,            0.004192,            0.004192
                 178,            0.021067,            0.031561,           0.0046356,             0.98556,             0.90541,             0.93276,             0.81188,             0.01709,            0.026396,           0.0051991,            0.004159,            0.004159,            0.004159
                 179,            0.021763,            0.032674,           0.0046369,             0.98021,             0.90754,             0.93185,              0.8119,            0.017062,            0.026225,           0.0052389,            0.004126,            0.004126,            0.004126
                 180,            0.021142,            0.031734,             0.00471,              0.9881,             0.90257,             0.93275,             0.81102,            0.017018,            0.026306,           0.0051054,            0.004093,            0.004093,            0.004093
                 181,            0.021043,            0.031361,           0.0046019,             0.98331,             0.90957,             0.93331,             0.81158,            0.017035,            0.026033,           0.0051788,             0.00406,             0.00406,             0.00406
                 182,            0.021281,            0.032639,           0.0046161,             0.98156,             0.90964,             0.93308,             0.81171,            0.017022,            0.026076,            0.005285,            0.004027,            0.004027,            0.004027
                 183,            0.020504,             0.03076,           0.0043849,             0.98312,             0.90907,             0.93304,             0.81382,            0.016925,            0.025877,           0.0052265,            0.003994,            0.003994,            0.003994
                 184,            0.020987,            0.031874,            0.004641,             0.98404,             0.91065,             0.93251,             0.81287,            0.016953,            0.025805,           0.0052223,            0.003961,            0.003961,            0.003961
                 185,            0.020828,            0.031303,           0.0044873,             0.97908,             0.91244,             0.93329,             0.81221,            0.016887,             0.02576,           0.0052349,            0.003928,            0.003928,            0.003928
                 186,            0.020849,            0.030982,           0.0045508,             0.98286,             0.90708,             0.93291,             0.81278,            0.016961,            0.026036,           0.0052455,            0.003895,            0.003895,            0.003895
                 187,            0.020823,            0.031173,           0.0045566,             0.98571,              0.9043,             0.93243,             0.81291,            0.016988,            0.026103,           0.0052269,            0.003862,            0.003862,            0.003862
                 188,            0.020845,            0.031396,           0.0044076,             0.98386,             0.90857,             0.93438,             0.81318,             0.01697,            0.025907,           0.0052122,            0.003829,            0.003829,            0.003829
                 189,            0.020812,            0.031613,           0.0045399,              0.9827,             0.90874,              0.9324,             0.81282,            0.016865,            0.026057,           0.0052491,            0.003796,            0.003796,            0.003796
                 190,            0.020816,            0.031012,           0.0044894,             0.98298,              0.9059,             0.93214,             0.81487,            0.016744,            0.026014,           0.0052345,            0.003763,            0.003763,            0.003763
                 191,            0.020737,            0.032296,           0.0046695,             0.98354,             0.90565,             0.93184,             0.81425,            0.016823,            0.025881,           0.0052176,             0.00373,             0.00373,             0.00373
                 192,            0.020818,            0.031224,           0.0045514,             0.98373,             0.90909,             0.93246,             0.81531,            0.016847,            0.025627,           0.0052058,            0.003697,            0.003697,            0.003697
                 193,            0.020568,            0.030576,           0.0045114,             0.98124,             0.91095,             0.93234,             0.81496,            0.016851,            0.025777,           0.0051265,            0.003664,            0.003664,            0.003664
                 194,            0.020769,            0.031204,           0.0043938,             0.98296,             0.90692,             0.93159,             0.81427,            0.016888,            0.026211,            0.005141,            0.003631,            0.003631,            0.003631
                 195,            0.020198,             0.03073,            0.004306,             0.98508,             0.90638,             0.93386,             0.81534,            0.016844,            0.026031,           0.0051285,            0.003598,            0.003598,            0.003598
                 196,            0.020632,            0.030496,            0.004313,             0.98441,             0.91085,              0.9338,             0.81522,            0.016773,            0.025681,           0.0050459,            0.003565,            0.003565,            0.003565
                 197,            0.020892,            0.031775,           0.0044301,             0.98474,             0.91021,             0.93233,             0.81421,            0.016749,            0.025865,            0.005055,            0.003532,            0.003532,            0.003532
                 198,            0.020618,            0.030529,            0.004401,             0.97826,             0.91128,             0.93261,             0.81581,            0.016756,            0.025502,           0.0050967,            0.003499,            0.003499,            0.003499
                 199,            0.020702,            0.031375,           0.0043282,             0.98425,             0.90523,             0.93096,             0.81519,            0.016785,            0.025712,           0.0051803,            0.003466,            0.003466,            0.003466
                 200,            0.020227,            0.030986,           0.0043069,             0.97885,             0.90992,             0.93222,             0.81313,            0.016868,            0.025926,           0.0051558,            0.003433,            0.003433,            0.003433
                 201,              0.0206,            0.031189,           0.0043454,             0.98231,             0.91088,             0.93105,             0.81379,            0.016741,            0.025929,           0.0050959,              0.0034,              0.0034,              0.0034
                 202,            0.020168,            0.031268,           0.0042769,             0.98242,             0.91106,             0.93136,             0.81451,            0.016697,            0.025632,           0.0050978,            0.003367,            0.003367,            0.003367
                 203,            0.020089,            0.030792,           0.0041944,             0.98193,               0.909,             0.93193,             0.81679,            0.016771,             0.02562,           0.0051916,            0.003334,            0.003334,            0.003334
                 204,            0.020251,            0.030665,           0.0042545,             0.98513,             0.90625,             0.93204,               0.816,            0.016833,            0.025955,           0.0050903,            0.003301,            0.003301,            0.003301
                 205,             0.02033,            0.031189,           0.0043836,             0.98518,             0.90276,             0.93137,             0.81539,            0.016757,            0.025843,           0.0051322,            0.003268,            0.003268,            0.003268
                 206,            0.020111,            0.030485,           0.0043284,             0.98218,             0.90578,             0.93084,             0.81545,             0.01667,            0.025934,           0.0051833,            0.003235,            0.003235,            0.003235
                 207,            0.020168,            0.030954,           0.0042347,             0.98238,             0.90581,             0.93193,             0.81535,             0.01671,             0.02577,           0.0052259,            0.003202,            0.003202,            0.003202
                 208,            0.020162,            0.030538,            0.004397,             0.97675,             0.90873,             0.93204,              0.8169,            0.016651,            0.025569,           0.0051897,            0.003169,            0.003169,            0.003169
                 209,             0.02004,            0.031308,            0.004119,             0.98069,             0.90529,             0.93234,             0.81685,            0.016639,            0.025516,           0.0051631,            0.003136,            0.003136,            0.003136
                 210,            0.019965,            0.030203,           0.0042152,             0.97613,              0.9101,             0.93179,              0.8174,            0.016578,            0.025334,           0.0052444,            0.003103,            0.003103,            0.003103
                 211,            0.019912,            0.029969,           0.0041928,             0.98468,              0.8995,             0.93043,             0.81705,            0.016667,            0.025554,           0.0052716,             0.00307,             0.00307,             0.00307
                 212,            0.019844,            0.030459,           0.0040674,             0.97761,             0.90691,             0.93131,              0.8169,            0.016682,            0.025791,           0.0052989,            0.003037,            0.003037,            0.003037
                 213,            0.019743,             0.03002,           0.0041267,             0.98098,             0.90696,             0.93112,             0.81703,            0.016725,            0.026013,           0.0052335,            0.003004,            0.003004,            0.003004
                 214,            0.019552,            0.029599,           0.0039608,             0.98286,             0.90363,             0.93222,             0.81754,             0.01662,            0.026026,           0.0052332,            0.002971,            0.002971,            0.002971
                 215,             0.01978,            0.030498,             0.00409,             0.98276,             0.90529,             0.93277,             0.81923,             0.01654,             0.02579,           0.0052274,            0.002938,            0.002938,            0.002938
                 216,            0.019824,            0.030423,           0.0040989,             0.98476,             0.90148,             0.93279,             0.81799,            0.016548,            0.025676,           0.0051724,            0.002905,            0.002905,            0.002905
                 217,            0.019451,            0.029495,           0.0040322,             0.97599,             0.90916,             0.93185,             0.81825,            0.016564,            0.025532,           0.0051976,            0.002872,            0.002872,            0.002872
                 218,            0.019701,            0.030282,           0.0040193,             0.98265,             0.91022,             0.93257,             0.81901,            0.016512,            0.025465,           0.0051779,            0.002839,            0.002839,            0.002839
                 219,            0.019786,            0.029617,           0.0039478,             0.98463,             0.90953,             0.93211,             0.82079,            0.016416,            0.025452,           0.0052035,            0.002806,            0.002806,            0.002806
                 220,            0.019423,            0.029521,           0.0039435,             0.97825,             0.91181,             0.93184,             0.81973,            0.016439,            0.025672,           0.0052145,            0.002773,            0.002773,            0.002773
                 221,            0.019282,            0.029551,           0.0038993,             0.98185,             0.90837,             0.93229,             0.82034,            0.016461,            0.025545,           0.0051727,             0.00274,             0.00274,             0.00274
                 222,            0.019436,            0.030027,           0.0039939,             0.98228,             0.90866,             0.93289,             0.82103,            0.016514,            0.025451,           0.0051498,            0.002707,            0.002707,            0.002707
                 223,            0.019265,            0.029742,           0.0039116,             0.98168,             0.90673,             0.93393,             0.82208,            0.016514,            0.025332,           0.0051777,            0.002674,            0.002674,            0.002674
                 224,            0.019413,            0.029362,            0.004025,             0.98287,             0.90847,             0.93287,               0.819,            0.016456,            0.025545,           0.0051831,            0.002641,            0.002641,            0.002641
                 225,            0.019023,            0.028925,           0.0038369,              0.9828,             0.90606,             0.93262,             0.82119,            0.016486,            0.025663,           0.0050891,            0.002608,            0.002608,            0.002608
                 226,            0.019692,            0.029875,           0.0040323,             0.98587,             0.90129,             0.93352,             0.82077,            0.016458,            0.025631,           0.0051274,            0.002575,            0.002575,            0.002575
                 227,            0.019139,            0.029368,            0.003918,             0.97889,             0.91038,             0.93365,             0.81947,            0.016524,            0.025505,           0.0051076,            0.002542,            0.002542,            0.002542
                 228,            0.018896,            0.029694,           0.0038152,             0.98545,              0.9113,             0.93365,             0.82154,            0.016485,            0.025516,           0.0050964,            0.002509,            0.002509,            0.002509
                 229,            0.019193,            0.028657,           0.0039867,             0.98279,             0.91172,             0.93267,              0.8213,            0.016535,            0.025599,           0.0051131,            0.002476,            0.002476,            0.002476
                 230,            0.019254,            0.030241,           0.0039099,             0.98272,             0.90986,             0.93231,             0.82127,            0.016474,             0.02556,           0.0051003,            0.002443,            0.002443,            0.002443
                 231,            0.018356,            0.028488,           0.0035388,             0.98114,             0.91138,              0.9329,             0.82256,            0.016448,            0.025491,           0.0050813,             0.00241,             0.00241,             0.00241
                 232,            0.019282,            0.029414,           0.0038924,             0.97873,             0.91177,             0.93228,             0.82223,            0.016472,            0.025414,           0.0051255,            0.002377,            0.002377,            0.002377
                 233,             0.01894,            0.029548,           0.0038269,             0.98355,             0.90628,              0.9333,             0.82019,            0.016466,            0.025521,           0.0051239,            0.002344,            0.002344,            0.002344
                 234,            0.019353,            0.030144,           0.0039648,             0.98398,             0.90805,             0.93429,             0.82089,            0.016442,            0.025383,            0.005127,            0.002311,            0.002311,            0.002311
                 235,            0.019621,            0.029648,           0.0041054,             0.98023,             0.90947,             0.93377,             0.82115,            0.016494,            0.025582,           0.0051504,            0.002278,            0.002278,            0.002278
                 236,            0.019218,            0.029787,           0.0037477,             0.98555,             0.90721,             0.93354,             0.82142,            0.016404,            0.025607,           0.0051478,            0.002245,            0.002245,            0.002245
                 237,            0.019198,            0.029517,           0.0038581,             0.98651,             0.90658,             0.93467,             0.82304,            0.016424,            0.025505,           0.0050911,            0.002212,            0.002212,            0.002212
                 238,            0.018904,            0.029005,           0.0037902,             0.98748,             0.90795,              0.9337,             0.82371,            0.016408,            0.025528,            0.005107,            0.002179,            0.002179,            0.002179
                 239,            0.019039,            0.029704,           0.0038966,             0.98787,             0.90717,             0.93378,             0.82274,            0.016371,            0.025524,            0.005148,            0.002146,            0.002146,            0.002146
                 240,            0.018551,            0.028761,           0.0036932,             0.98702,             0.91017,             0.93464,             0.82367,            0.016318,            0.025538,           0.0051176,            0.002113,            0.002113,            0.002113
                 241,            0.018437,            0.028613,           0.0036278,             0.98718,             0.90684,             0.93446,             0.82269,            0.016259,            0.025538,           0.0051095,             0.00208,             0.00208,             0.00208
                 242,            0.018571,            0.028743,             0.00371,              0.9872,             0.90879,             0.93335,             0.82213,            0.016265,            0.025562,           0.0050479,            0.002047,            0.002047,            0.002047
                 243,             0.01844,            0.028461,           0.0035258,             0.98504,             0.91008,             0.93321,             0.82183,            0.016291,            0.025625,           0.0050621,            0.002014,            0.002014,            0.002014
                 244,            0.018633,            0.028592,           0.0037635,             0.98591,             0.90992,              0.9336,             0.82302,            0.016319,            0.025614,           0.0050615,            0.001981,            0.001981,            0.001981
                 245,            0.019264,            0.029474,           0.0038301,             0.98387,             0.91032,             0.93387,               0.823,            0.016272,            0.025529,           0.0049996,            0.001948,            0.001948,            0.001948
                 246,            0.018742,            0.029537,           0.0037427,             0.97884,             0.91223,              0.9327,             0.82319,            0.016307,            0.025603,           0.0050701,            0.001915,            0.001915,            0.001915
                 247,            0.018538,            0.028903,           0.0036891,              0.9815,              0.9125,             0.93261,               0.823,            0.016316,            0.025551,           0.0050667,            0.001882,            0.001882,            0.001882
                 248,             0.01836,            0.028439,           0.0036044,             0.98534,             0.90813,              0.9327,             0.82511,            0.016296,            0.025493,           0.0050886,            0.001849,            0.001849,            0.001849
                 249,            0.018125,            0.028786,            0.003481,             0.98458,             0.91131,             0.93313,             0.82579,            0.016273,             0.02543,           0.0050716,            0.001816,            0.001816,            0.001816
                 250,            0.018651,            0.029425,           0.0037045,             0.98812,              0.9079,             0.93342,             0.82499,            0.016259,            0.025403,            0.005099,            0.001783,            0.001783,            0.001783
                 251,            0.018559,            0.029409,           0.0036594,              0.9892,             0.90693,             0.93327,             0.82412,            0.016271,            0.025481,           0.0051506,             0.00175,             0.00175,             0.00175
                 252,            0.018222,            0.029212,           0.0034848,             0.98739,             0.90746,              0.9328,             0.82497,            0.016316,            0.025608,           0.0051672,            0.001717,            0.001717,            0.001717
                 253,            0.018422,            0.028998,           0.0035583,             0.98766,             0.90753,             0.93213,             0.82274,            0.016335,            0.025563,           0.0051232,            0.001684,            0.001684,            0.001684
                 254,            0.018388,            0.028784,           0.0035732,             0.98824,             0.90903,             0.93307,             0.82212,            0.016311,            0.025517,           0.0050911,            0.001651,            0.001651,            0.001651
                 255,            0.018479,            0.028617,           0.0036564,             0.98674,             0.90879,             0.93312,             0.82156,            0.016315,            0.025575,           0.0050922,            0.001618,            0.001618,            0.001618
                 256,            0.018627,            0.028722,           0.0037281,             0.98517,             0.90842,             0.93341,             0.82254,             0.01628,            0.025589,           0.0051192,            0.001585,            0.001585,            0.001585
                 257,            0.018148,            0.027838,           0.0035894,             0.98512,             0.90951,             0.93343,             0.82353,            0.016327,            0.025603,           0.0051389,            0.001552,            0.001552,            0.001552
                 258,            0.018156,            0.028461,           0.0035821,             0.98639,             0.90842,             0.93283,             0.82505,             0.01633,            0.025561,           0.0051747,            0.001519,            0.001519,            0.001519
                 259,            0.018476,            0.028866,           0.0036301,             0.98539,             0.90858,             0.93277,             0.82407,            0.016305,            0.025627,           0.0051571,            0.001486,            0.001486,            0.001486
                 260,            0.018037,            0.027994,           0.0034788,             0.98643,             0.90885,             0.93286,              0.8241,            0.016291,            0.025567,           0.0051322,            0.001453,            0.001453,            0.001453
                 261,            0.018087,             0.02818,           0.0034241,             0.98599,             0.90895,              0.9331,             0.82553,            0.016245,            0.025419,           0.0051292,             0.00142,             0.00142,             0.00142
                 262,            0.017533,            0.027061,           0.0032862,              0.9845,             0.91218,             0.93294,             0.82406,            0.016215,            0.025434,           0.0051345,            0.001387,            0.001387,            0.001387
                 263,             0.01807,            0.028073,           0.0033895,             0.98327,             0.91101,             0.93299,             0.82424,            0.016218,            0.025441,            0.005109,            0.001354,            0.001354,            0.001354
                 264,            0.018081,            0.028322,           0.0035136,              0.9833,              0.9105,             0.93322,             0.82587,            0.016223,            0.025447,           0.0051266,            0.001321,            0.001321,            0.001321
                 265,            0.018326,            0.028481,           0.0035572,             0.98617,             0.90774,             0.93401,             0.82605,            0.016266,            0.025404,           0.0051459,            0.001288,            0.001288,            0.001288
                 266,            0.018207,            0.028209,           0.0034898,              0.9876,             0.90813,             0.93402,              0.8248,            0.016279,            0.025394,           0.0051932,            0.001255,            0.001255,            0.001255
                 267,            0.018404,            0.028571,           0.0035235,             0.98589,             0.90795,             0.93439,             0.82568,            0.016286,            0.025476,           0.0052131,            0.001222,            0.001222,            0.001222
                 268,            0.018203,            0.028681,            0.003491,             0.98578,             0.90663,             0.93371,             0.82534,            0.016273,            0.025602,            0.005193,            0.001189,            0.001189,            0.001189
                 269,            0.018232,            0.028577,           0.0035264,             0.98533,             0.90613,             0.93348,             0.82522,            0.016227,            0.025559,           0.0052152,            0.001156,            0.001156,            0.001156
                 270,            0.017809,            0.028157,            0.003424,             0.98446,             0.90803,             0.93348,             0.82596,            0.016191,            0.025511,           0.0051935,            0.001123,            0.001123,            0.001123
                 271,            0.017685,            0.027935,           0.0033497,             0.98639,              0.9073,             0.93324,              0.8258,            0.016181,            0.025538,           0.0052164,             0.00109,             0.00109,             0.00109
                 272,            0.017823,             0.02785,           0.0034612,             0.98741,             0.90674,             0.93352,             0.82596,            0.016167,            0.025488,            0.005231,            0.001057,            0.001057,            0.001057
                 273,            0.018125,            0.028434,           0.0035463,             0.98822,             0.90652,             0.93393,              0.8273,            0.016174,            0.025428,           0.0052557,            0.001024,            0.001024,            0.001024
                 274,            0.018225,            0.028129,           0.0035316,             0.98665,             0.90871,             0.93391,             0.82682,            0.016188,            0.025433,           0.0052608,            0.000991,            0.000991,            0.000991
                 275,            0.017514,            0.027059,           0.0032159,             0.98716,             0.90646,             0.93379,             0.82712,            0.016181,            0.025392,           0.0052847,            0.000958,            0.000958,            0.000958
                 276,            0.018286,            0.028506,             0.00363,             0.98466,             0.90768,             0.93383,             0.82685,            0.016172,            0.025439,           0.0052788,            0.000925,            0.000925,            0.000925
                 277,            0.017901,            0.028352,           0.0035053,             0.98706,             0.90752,             0.93371,             0.82786,            0.016159,            0.025493,           0.0052624,            0.000892,            0.000892,            0.000892
                 278,            0.017843,            0.028043,           0.0034215,               0.986,              0.9078,             0.93373,             0.82667,            0.016163,            0.025386,           0.0052536,            0.000859,            0.000859,            0.000859
                 279,            0.017298,            0.026948,           0.0032639,             0.98485,              0.9096,             0.93359,             0.82805,            0.016144,             0.02535,           0.0052248,            0.000826,            0.000826,            0.000826
                 280,            0.017527,            0.027744,           0.0032734,             0.98654,             0.90802,             0.93377,             0.82889,            0.016155,            0.025392,           0.0052068,            0.000793,            0.000793,            0.000793
                 281,            0.017428,            0.027142,           0.0032936,             0.98493,             0.90861,             0.93388,             0.82821,             0.01615,            0.025459,           0.0052054,             0.00076,             0.00076,             0.00076
                 282,            0.017638,            0.027739,           0.0032752,             0.98652,             0.90681,             0.93385,             0.82833,            0.016157,            0.025508,           0.0052163,            0.000727,            0.000727,            0.000727
                 283,            0.017878,            0.028228,           0.0033767,             0.98416,             0.90935,             0.93377,             0.82761,            0.016152,             0.02554,           0.0052454,            0.000694,            0.000694,            0.000694
                 284,             0.01738,            0.027165,           0.0032226,             0.98084,             0.91113,             0.93363,             0.82841,            0.016149,             0.02555,            0.005257,            0.000661,            0.000661,            0.000661
                 285,            0.017574,            0.027625,           0.0032504,             0.98496,             0.90853,             0.93366,             0.82779,            0.016146,            0.025523,           0.0052741,            0.000628,            0.000628,            0.000628
                 286,            0.017599,            0.027707,           0.0034125,             0.98599,             0.90879,             0.93367,             0.82761,            0.016131,            0.025478,           0.0052681,            0.000595,            0.000595,            0.000595
                 287,            0.017153,            0.027157,           0.0031402,             0.98591,             0.90925,             0.93361,             0.82723,            0.016143,            0.025491,           0.0052648,            0.000562,            0.000562,            0.000562
                 288,            0.017533,            0.027632,           0.0032637,             0.98579,             0.90996,             0.93341,             0.82796,            0.016132,            0.025514,           0.0052522,            0.000529,            0.000529,            0.000529
                 289,            0.017339,            0.026883,           0.0032216,             0.98157,             0.91032,             0.93361,             0.82869,            0.016125,            0.025497,           0.0052589,            0.000496,            0.000496,            0.000496
                 290,            0.017504,             0.02737,           0.0033327,             0.98222,             0.91025,             0.93373,             0.82859,            0.016127,            0.025517,           0.0052596,            0.000463,            0.000463,            0.000463
                 291,            0.017653,            0.028093,           0.0032873,             0.98228,             0.91117,             0.93386,             0.82852,            0.016118,             0.02553,            0.005267,             0.00043,             0.00043,             0.00043
                 292,            0.017212,            0.027049,           0.0032252,             0.98277,             0.91166,             0.93388,             0.82954,            0.016112,            0.025488,           0.0052658,            0.000397,            0.000397,            0.000397
                 293,            0.017201,              0.0271,           0.0032382,             0.98286,             0.91171,             0.93389,             0.82906,            0.016111,            0.025481,           0.0052666,            0.000364,            0.000364,            0.000364
                 294,            0.017815,             0.02795,           0.0034081,             0.98417,             0.91072,             0.93395,             0.82925,             0.01611,            0.025508,           0.0052708,            0.000331,            0.000331,            0.000331
                 295,            0.017163,            0.027357,           0.0030971,             0.98243,             0.91286,             0.93404,             0.82881,            0.016095,              0.0255,           0.0052777,            0.000298,            0.000298,            0.000298
                 296,            0.017444,            0.027781,           0.0032942,             0.98406,             0.91205,             0.93406,             0.83008,            0.016097,            0.025524,           0.0052835,            0.000265,            0.000265,            0.000265
                 297,             0.01735,            0.027473,           0.0031792,             0.98462,             0.91136,             0.93401,             0.82971,            0.016082,            0.025506,           0.0052936,            0.000232,            0.000232,            0.000232
                 298,            0.017368,            0.027423,           0.0033048,             0.98234,             0.91183,             0.93407,             0.83022,            0.016072,            0.025488,           0.0052979,            0.000199,            0.000199,            0.000199
                 299,            0.017286,            0.026841,           0.0033671,             0.98404,             0.91127,             0.93412,             0.83101,            0.016072,            0.025477,           0.0052985,            0.000166,            0.000166,            0.000166
